{"currentDate":{"year":2654,"month":3,"day":7,"seconds":25215},"generalSettings":{"name":"","numericRepresentation":null,"gameWorldTimeIntegration":"mixed","showClock":true,"pf2eSync":true,"dateFormat":{"date":"MMMM DD, YYYY","time":"HH:mm:ss","monthYear":"MMMM YAYYYYYZ"},"permissions":{"id":"90c1b9a3","name":"","numericRepresentation":null,"viewCalendar":{"player":true,"trustedPlayer":true,"assistantGameMaster":true},"addNotes":{"player":true,"trustedPlayer":true,"assistantGameMaster":true},"reorderNotes":{"player":false,"trustedPlayer":false,"assistantGameMaster":false},"changeDateTime":{"player":false,"trustedPlayer":false,"assistantGameMaster":false}}},"leapYearSettings":{"rule":"none","customMod":0},"monthSettings":[{"id":"ca8cf191","name":"Midsonnmond","abbreviation":"Mid","numericRepresentation":1,"numericRepresentationOffset":0,"numberOfDays":30,"numberOfLeapYearDays":30,"intercalary":false,"intercalaryInclude":false,"startingWeekday":null},{"id":"65e402cf","name":"Kornmond","abbreviation":"Kor","numericRepresentation":2,"numericRepresentationOffset":0,"numberOfDays":30,"numberOfLeapYearDays":30,"intercalary":false,"intercalaryInclude":false,"startingWeekday":null},{"id":"cb78e302","name":"Heimamond","abbreviation":"Hei","numericRepresentation":3,"numericRepresentationOffset":0,"numberOfDays":30,"numberOfLeapYearDays":30,"intercalary":false,"intercalaryInclude":false,"startingWeekday":null},{"id":"b292926c","name":"Schlachtmond","abbreviation":"Sch","numericRepresentation":4,"numericRepresentationOffset":0,"numberOfDays":30,"numberOfLeapYearDays":30,"intercalary":false,"intercalaryInclude":false,"startingWeekday":null},{"id":"70913019","name":"Sturmmond","abbreviation":"Stu","numericRepresentation":5,"numericRepresentationOffset":0,"numberOfDays":30,"numberOfLeapYearDays":30,"intercalary":false,"intercalaryInclude":false,"startingWeekday":null},{"id":"9af68386","name":"Frostmond","abbreviation":"Fro","numericRepresentation":6,"numericRepresentationOffset":0,"numberOfDays":30,"numberOfLeapYearDays":30,"intercalary":false,"intercalaryInclude":false,"startingWeekday":null},{"id":"ca289d05","name":"Grimfrostmond","abbreviation":"Gri","numericRepresentation":7,"numericRepresentationOffset":0,"numberOfDays":30,"numberOfLeapYearDays":30,"intercalary":false,"intercalaryInclude":false,"startingWeekday":null},{"id":"79d773c5","name":"Goimond","abbreviation":"Goi","numericRepresentation":8,"numericRepresentationOffset":0,"numberOfDays":30,"numberOfLeapYearDays":30,"intercalary":false,"intercalaryInclude":false,"startingWeekday":null},{"id":"ab7ec451","name":"Friskenmond","abbreviation":"Fri","numericRepresentation":9,"numericRepresentationOffset":0,"numberOfDays":30,"numberOfLeapYearDays":30,"intercalary":false,"intercalaryInclude":false,"startingWeekday":null},{"id":"2261e6ad","name":"Eimond","abbreviation":"Eim","numericRepresentation":10,"numericRepresentationOffset":0,"numberOfDays":30,"numberOfLeapYearDays":30,"intercalary":false,"intercalaryInclude":false,"startingWeekday":null},{"id":"486a6b4a","name":"Faramond","abbreviation":"Far","numericRepresentation":11,"numericRepresentationOffset":0,"numberOfDays":30,"numberOfLeapYearDays":30,"intercalary":false,"intercalaryInclude":false,"startingWeekday":null},{"id":"96833f0b","name":"Vinmond","abbreviation":"Vin","numericRepresentation":12,"numericRepresentationOffset":0,"numberOfDays":30,"numberOfLeapYearDays":30,"intercalary":false,"intercalaryInclude":false,"startingWeekday":null},{"id":"62ed1b40","name":"Hranngartage","abbreviation":"Hra","numericRepresentation":13,"numericRepresentationOffset":0,"numberOfDays":5,"numberOfLeapYearDays":5,"intercalary":false,"intercalaryInclude":false,"startingWeekday":null}],"moonSettings":[{"id":"de6392a9","name":"Madamal","cycleLength":28,"firstNewMoon":{"yearReset":"none","yearX":0,"year":1020,"month":1,"day":1},"phases":[{"name":"Tote Mada","length":1,"icon":"new","singleDay":true},{"name":"Auffüllender Kelch","length":6,"icon":"waxing-crescent","singleDay":false},{"name":"Kelch","length":1,"icon":"first-quarter","singleDay":true},{"name":"Zunehmendes Rad","length":6,"icon":"waxing-gibbous","singleDay":false},{"name":"Rad","length":1,"icon":"full","singleDay":true},{"name":"Abnehmendes Rad","length":6,"icon":"waning-gibbous","singleDay":false},{"name":"Helm","length":1,"icon":"last-quarter","singleDay":true},{"name":"Abnehmender Helm","length":6,"icon":"waning-crescent","singleDay":false}],"color":"#ffffff","cycleDayAdjust":0}],"noteCategories":[{"name":"Holiday","color":"#148e94","textColor":"#FFFFFF"}],"seasonSettings":[{"id":"7bc5643c","name":"Herbst","startingMonth":3,"startingDay":22,"color":"#b1692e","sunriseTime":25200,"sunsetTime":61200},{"id":"cec1bcb9","name":"Winter","startingMonth":6,"startingDay":21,"color":"#ffffff","sunriseTime":30600,"sunsetTime":59400},{"id":"6d2c0743","name":"Frühling","startingMonth":9,"startingDay":20,"color":"#258e25","sunriseTime":23400,"sunsetTime":66600},{"id":"c21faaae","name":"Sommer","startingMonth":12,"startingDay":21,"color":"#b99946","sunriseTime":16200,"sunsetTime":73800}],"timeSettings":{"id":"f689f8d9","hoursInDay":24,"minutesInHour":60,"secondsInMinute":60,"secondsInCombatRound":6,"gameTimeRatio":1,"unifyGameAndClockPause":false,"updateFrequency":1},"weekdaySettings":[{"abbreviation":"Tro","id":"6903240d","name":"Trondesdag","numericRepresentation":1},{"abbreviation":"Ifi","id":"3b7bcc98","name":"Ifirnsdag","numericRepresentation":2},{"abbreviation":"Fir","id":"7304566c","name":"Firunsdag","numericRepresentation":3},{"abbreviation":"Swa","id":"f718eda7","name":"Swafnirsdag","numericRepresentation":4},{"abbreviation":"Tra","id":"fe379e4a","name":"Traviasdag","numericRepresentation":5},{"abbreviation":"Jur","id":"53ad1ae","name":"Jurgasdag","numericRepresentation":6},{"abbreviation":"Hja","id":"76cca1d7","name":"Hjaldisdag","numericRepresentation":7}],"yearSettings":{"id":"caa53b6d","numericRepresentation":2654,"prefix":"","postfix":"JL","showWeekdayHeadings":true,"firstWeekday":3,"yearZero":0,"yearNames":["Jurgas Landung"],"yearNamingRule":"default","yearNamesStart":0}}