{"currentDate":{"year":1022,"month":3,"day":23,"seconds":45035},"generalSettings":{"name":"","numericRepresentation":null,"gameWorldTimeIntegration":"mixed","showClock":true,"pf2eSync":true,"dateFormat":{"date":"MMMM DD, YYYY","time":"HH:mm:ss","monthYear":"MMMM YAYYYYYZ"},"permissions":{"id":"90c1b9a3","name":"","numericRepresentation":null,"viewCalendar":{"player":true,"trustedPlayer":true,"assistantGameMaster":true},"addNotes":{"player":true,"trustedPlayer":true,"assistantGameMaster":true},"reorderNotes":{"player":false,"trustedPlayer":false,"assistantGameMaster":false},"changeDateTime":{"player":false,"trustedPlayer":false,"assistantGameMaster":false}}},"leapYearSettings":{"rule":"none","customMod":0},"monthSettings":[{"id":"935f2c9c","name":"Praios","abbreviation":"Pra","numericRepresentation":1,"numericRepresentationOffset":0,"numberOfDays":30,"numberOfLeapYearDays":30,"intercalary":false,"intercalaryInclude":false,"startingWeekday":null},{"id":"449ff481","name":"Rondra","abbreviation":"Ron","numericRepresentation":2,"numericRepresentationOffset":0,"numberOfDays":30,"numberOfLeapYearDays":30,"intercalary":false,"intercalaryInclude":false,"startingWeekday":null},{"id":"60a5a37e","name":"Efferd","abbreviation":"Eff","numericRepresentation":3,"numericRepresentationOffset":0,"numberOfDays":30,"numberOfLeapYearDays":30,"intercalary":false,"intercalaryInclude":false,"startingWeekday":null},{"id":"f58b1974","name":"Travia","abbreviation":"Tra","numericRepresentation":4,"numericRepresentationOffset":0,"numberOfDays":30,"numberOfLeapYearDays":30,"intercalary":false,"intercalaryInclude":false,"startingWeekday":null},{"id":"a3a13ccf","name":"Boron","abbreviation":"Bor","numericRepresentation":5,"numericRepresentationOffset":0,"numberOfDays":30,"numberOfLeapYearDays":30,"intercalary":false,"intercalaryInclude":false,"startingWeekday":null},{"id":"67bb2a5a","name":"Hesinde","abbreviation":"Hes","numericRepresentation":6,"numericRepresentationOffset":0,"numberOfDays":30,"numberOfLeapYearDays":30,"intercalary":false,"intercalaryInclude":false,"startingWeekday":null},{"id":"85a99977","name":"Firun","abbreviation":"Fir","numericRepresentation":7,"numericRepresentationOffset":0,"numberOfDays":30,"numberOfLeapYearDays":30,"intercalary":false,"intercalaryInclude":false,"startingWeekday":null},{"id":"66f7d254","name":"Tsa","abbreviation":"Tsa","numericRepresentation":8,"numericRepresentationOffset":0,"numberOfDays":30,"numberOfLeapYearDays":30,"intercalary":false,"intercalaryInclude":false,"startingWeekday":null},{"id":"1f26a373","name":"Phex","abbreviation":"Phe","numericRepresentation":9,"numericRepresentationOffset":0,"numberOfDays":30,"numberOfLeapYearDays":30,"intercalary":false,"intercalaryInclude":false,"startingWeekday":null},{"id":"fe847b04","name":"Peraine","abbreviation":"Per","numericRepresentation":10,"numericRepresentationOffset":0,"numberOfDays":30,"numberOfLeapYearDays":30,"intercalary":false,"intercalaryInclude":false,"startingWeekday":null},{"id":"1a2dddd5","name":"Ingerimm","abbreviation":"Ing","numericRepresentation":11,"numericRepresentationOffset":0,"numberOfDays":30,"numberOfLeapYearDays":30,"intercalary":false,"intercalaryInclude":false,"startingWeekday":null},{"id":"ede6cec9","name":"Rahja","abbreviation":"Rah","numericRepresentation":12,"numericRepresentationOffset":0,"numberOfDays":30,"numberOfLeapYearDays":30,"intercalary":false,"intercalaryInclude":false,"startingWeekday":null},{"id":"2ff640ea","name":"Namenlose Tage","abbreviation":"Nam","numericRepresentation":13,"numericRepresentationOffset":0,"numberOfDays":5,"numberOfLeapYearDays":5,"intercalary":false,"intercalaryInclude":false,"startingWeekday":null}],"moonSettings":[{"id":"8102be3f","name":"Mada","cycleLength":28,"firstNewMoon":{"yearReset":"none","yearX":0,"year":1020,"month":1,"day":1},"phases":[{"name":"Tote Mada","length":1,"icon":"new","singleDay":true},{"name":"Auffüllender Kelch","length":6,"icon":"waxing-crescent","singleDay":false},{"name":"Kelch","length":1,"icon":"first-quarter","singleDay":true},{"name":"Zunehmendes Rad","length":6,"icon":"waxing-gibbous","singleDay":false},{"name":"Rad","length":1,"icon":"full","singleDay":true},{"name":"Abnehmendes Rad","length":6,"icon":"waning-gibbous","singleDay":false},{"name":"Helm","length":1,"icon":"last-quarter","singleDay":true},{"name":"Abnehmender Helm","length":6,"icon":"waning-crescent","singleDay":false}],"color":"#ffffff","cycleDayAdjust":0}],"noteCategories":[{"name":"Holiday","color":"#148e94","textColor":"#FFFFFF"}],"seasonSettings":[{"id":"d73b3ee7","name":"Herbst","startingMonth":3,"startingDay":22,"color":"#b1692e","sunriseTime":25200,"sunsetTime":61200},{"id":"4eac3d80","name":"Winter","startingMonth":6,"startingDay":21,"color":"#ffffff","sunriseTime":30600,"sunsetTime":59400},{"id":"f27333ed","name":"Frühling","startingMonth":9,"startingDay":20,"color":"#258e25","sunriseTime":23400,"sunsetTime":73800},{"id":"6f287a8e","name":"Sommer","startingMonth":12,"startingDay":21,"color":"#b99946","sunriseTime":16200,"sunsetTime":73800}],"timeSettings":{"id":"94bb4ae3","hoursInDay":24,"minutesInHour":60,"secondsInMinute":60,"secondsInCombatRound":6,"gameTimeRatio":1,"unifyGameAndClockPause":false,"updateFrequency":1},"weekdaySettings":[{"abbreviation":"Wi","id":"1cea251f","name":"Windstag","numericRepresentation":1},{"abbreviation":"Er","id":"720a36fb","name":"Erdstag","numericRepresentation":2},{"abbreviation":"Ma","id":"64abddf9","name":"Markttag","numericRepresentation":3},{"abbreviation":"Pr","id":"b2803d69","name":"Praiostag","numericRepresentation":4},{"abbreviation":"Ro","id":"da6ce40b","name":"Rohalstag","numericRepresentation":5},{"abbreviation":"Fe","id":"dbef23b3","name":"Feuertag","numericRepresentation":6},{"abbreviation":"Wa","id":"f663751a","name":"Wassertag","numericRepresentation":7}],"yearSettings":{"id":"59462baf","numericRepresentation":1022,"prefix":"","postfix":"BF","showWeekdayHeadings":true,"firstWeekday":3,"yearZero":0,"yearNames":[],"yearNamingRule":"default","yearNamesStart":0}}