{"currentDate":{"year":1028,"month":3,"day":1,"seconds":64800},"generalSettings":{"gameWorldTimeIntegration":"mixed","showClock":true,"pf2eSync":true,"permissions":{"viewCalendar":{"player":true,"trustedPlayer":true,"assistantGameMaster":true},"addNotes":{"player":true,"trustedPlayer":true,"assistantGameMaster":true},"reorderNotes":{"player":false,"trustedPlayer":false,"assistantGameMaster":false},"changeDateTime":{"player":false,"trustedPlayer":false,"assistantGameMaster":false}}},"leapYearSettings":{"rule":"none","customMod":0},"monthSettings":[{"name":"Praios","numericRepresentation":1,"numericRepresentationOffset":0,"numberOfDays":30,"numberOfLeapYearDays":30,"intercalary":false,"intercalaryInclude":false,"startingWeekday":null},{"name":"Rondra","numericRepresentation":2,"numericRepresentationOffset":0,"numberOfDays":30,"numberOfLeapYearDays":30,"intercalary":false,"intercalaryInclude":false,"startingWeekday":null},{"name":"Efferd","numericRepresentation":3,"numericRepresentationOffset":0,"numberOfDays":30,"numberOfLeapYearDays":30,"intercalary":false,"intercalaryInclude":false,"startingWeekday":null},{"name":"Travia","numericRepresentation":4,"numericRepresentationOffset":0,"numberOfDays":30,"numberOfLeapYearDays":30,"intercalary":false,"intercalaryInclude":false,"startingWeekday":null},{"name":"Boron","numericRepresentation":5,"numericRepresentationOffset":0,"numberOfDays":30,"numberOfLeapYearDays":30,"intercalary":false,"intercalaryInclude":false,"startingWeekday":null},{"name":"Hesinde","numericRepresentation":6,"numericRepresentationOffset":0,"numberOfDays":30,"numberOfLeapYearDays":30,"intercalary":false,"intercalaryInclude":false,"startingWeekday":null},{"name":"Firun","numericRepresentation":7,"numericRepresentationOffset":0,"numberOfDays":30,"numberOfLeapYearDays":30,"intercalary":false,"intercalaryInclude":false,"startingWeekday":null},{"name":"Tsa","numericRepresentation":8,"numericRepresentationOffset":0,"numberOfDays":30,"numberOfLeapYearDays":30,"intercalary":false,"intercalaryInclude":false,"startingWeekday":null},{"name":"Phex","numericRepresentation":9,"numericRepresentationOffset":0,"numberOfDays":30,"numberOfLeapYearDays":30,"intercalary":false,"intercalaryInclude":false,"startingWeekday":null},{"name":"Peraine","numericRepresentation":10,"numericRepresentationOffset":0,"numberOfDays":30,"numberOfLeapYearDays":30,"intercalary":false,"intercalaryInclude":false,"startingWeekday":null},{"name":"Ingerimm","numericRepresentation":11,"numericRepresentationOffset":0,"numberOfDays":30,"numberOfLeapYearDays":30,"intercalary":false,"intercalaryInclude":false,"startingWeekday":null},{"name":"Rahja","numericRepresentation":12,"numericRepresentationOffset":0,"numberOfDays":30,"numberOfLeapYearDays":30,"intercalary":false,"intercalaryInclude":false,"startingWeekday":null},{"name":"Namenlose Tage","numericRepresentation":13,"numericRepresentationOffset":0,"numberOfDays":5,"numberOfLeapYearDays":5,"intercalary":false,"intercalaryInclude":false,"startingWeekday":null}],"moonSettings":[{"name":"Mada","cycleLength":28,"firstNewMoon":{"yearReset":"none","yearX":0,"year":1020,"month":1,"day":1},"phases":[{"name":"Tote Mada","length":1,"icon":"new","singleDay":true},{"name":"Auffüllender Kelch","length":6,"icon":"waxing-crescent","singleDay":false},{"name":"Kelch","length":1,"icon":"first-quarter","singleDay":true},{"name":"Zunehmendes Rad","length":6,"icon":"waxing-gibbous","singleDay":false},{"name":"Rad","length":1,"icon":"full","singleDay":true},{"name":"Abnehmendes Rad","length":6,"icon":"waning-gibbous","singleDay":false},{"name":"Helm","length":1,"icon":"last-quarter","singleDay":true},{"name":"Abnehmender Helm","length":6,"icon":"waning-crescent","singleDay":false}],"color":"#ffffff","cycleDayAdjust":0}],"noteCategories":[{"name":"Holiday","color":"#148e94","textColor":"#FFFFFF"}],"seasonSettings":[{"name":"Herbst","startingMonth":3,"startingDay":22,"color":"#b1692e"},{"name":"Winter","startingMonth":6,"startingDay":21,"color":"#ffffff"},{"name":"Frühling","startingMonth":9,"startingDay":20,"color":"#258e25"},{"name":"Sommer","startingMonth":12,"startingDay":21,"color":"#b99946"}],"timeSettings":{"hoursInDay":24,"minutesInHour":60,"secondsInMinute":60,"gameTimeRatio":1,"unifyGameAndClockPause":false,"updateFrequency":1},"weekdaySettings":[{"name":"Windstag","numericRepresentation":1},{"name":"Erdstag","numericRepresentation":2},{"name":"Markttag","numericRepresentation":3},{"name":"Praiostag","numericRepresentation":4},{"name":"Rohalstag","numericRepresentation":5},{"name":"Feuertag","numericRepresentation":6},{"name":"Wassertag","numericRepresentation":7}],"yearSettings":{"numericRepresentation":1028,"prefix":"","postfix":"BF","showWeekdayHeadings":true,"firstWeekday":3,"yearZero":0,"yearNames":[],"yearNamingRule":"default","yearNamesStart":0}}